,County,Death Rate,lat,lng,text,Formalized Death Rate
0,"Jefferson County, AL",10.28,33.4914122,-86.9824288,"Jefferson County, AL<br>Low Birth Weight Rate 10.28 %",102.8
1,"Madison County, AL",7.81,34.72397309999999,-86.49965460000001,"Madison County, AL<br>Low Birth Weight Rate 7.81 %",78.1
2,"Mobile County, AL",9.81,30.6082227,-88.24611829999999,"Mobile County, AL<br>Low Birth Weight Rate 9.81 %",98.10000000000001
3,"Unidentified Counties, AL",8.78,32.9718107,-87.9334803,"Unidentified Counties, AL<br>Low Birth Weight Rate 8.78 %",87.8
4,"Anchorage Borough, AK",5.75,61.2180556,-149.9002778,"Anchorage Borough, AK<br>Low Birth Weight Rate 5.75 %",57.5
5,"Unidentified Counties, AK",4.78,35.27847,-93.13404589999999,"Unidentified Counties, AK<br>Low Birth Weight Rate 4.78 %",47.800000000000004
6,"Maricopa County, AZ",5.47,33.2917968,-112.4291464,"Maricopa County, AZ<br>Low Birth Weight Rate 5.47 %",54.699999999999996
7,"Pima County, AZ",4.47,32.057499,-111.6660725,"Pima County, AZ<br>Low Birth Weight Rate 4.47 %",44.699999999999996
8,"Pinal County, AZ",4.92,32.8162061,-111.2845025,"Pinal County, AZ<br>Low Birth Weight Rate 4.92 %",49.2
9,"Unidentified Counties, AZ",5.52,33.4464108,-112.0835285,"Unidentified Counties, AZ<br>Low Birth Weight Rate 5.52 %",55.199999999999996
10,"Pulaski County, AR",7.85,34.75386150000001,-92.2236667,"Pulaski County, AR<br>Low Birth Weight Rate 7.85 %",78.5
11,"Unidentified Counties, AR",8.26,35.20105,-91.8318334,"Unidentified Counties, AR<br>Low Birth Weight Rate 8.26 %",82.6
12,"Alameda County, CA",3.78,37.6016892,-121.7195459,"Alameda County, CA<br>Low Birth Weight Rate 3.78 %",37.8
13,"Contra Costa County, CA",2.84,37.8534093,-121.9017954,"Contra Costa County, CA<br>Low Birth Weight Rate 2.84 %",28.4
14,"Fresno County, CA",4.76,36.9858984,-119.2320784,"Fresno County, CA<br>Low Birth Weight Rate 4.76 %",47.599999999999994
15,"Kern County, CA",4.81,35.4937274,-118.8596804,"Kern County, CA<br>Low Birth Weight Rate 4.81 %",48.099999999999994
16,"Los Angeles County, CA",4.3,34.0522265,-118.2436596,"Los Angeles County, CA<br>Low Birth Weight Rate 4.3 %",43.0
17,"Merced County, CA",3.89,37.2009788,-120.7120023,"Merced County, CA<br>Low Birth Weight Rate 3.89 %",38.9
18,"Monterey County, CA",4.34,36.3136201,-121.3541631,"Monterey County, CA<br>Low Birth Weight Rate 4.34 %",43.4
19,"Orange County, CA",2.97,33.7174708,-117.8311428,"Orange County, CA<br>Low Birth Weight Rate 2.97 %",29.700000000000003
20,"Riverside County, CA",4.76,33.9532966,-117.3961192,"Riverside County, CA<br>Low Birth Weight Rate 4.76 %",47.599999999999994
21,"Sacramento County, CA",4.85,38.47467,-121.3541631,"Sacramento County, CA<br>Low Birth Weight Rate 4.85 %",48.5
22,"San Bernardino County, CA",6.28,34.9592083,-116.419389,"San Bernardino County, CA<br>Low Birth Weight Rate 6.28 %",62.800000000000004
23,"San Diego County, CA",3.91,32.7157305,-117.1610966,"San Diego County, CA<br>Low Birth Weight Rate 3.91 %",39.1
24,"San Francisco County, CA",2.1,37.7749295,-122.4194155,"San Francisco County, CA<br>Low Birth Weight Rate 2.1 %",21.0
25,"San Joaquin County, CA",4.29,37.9175935,-121.1710389,"San Joaquin County, CA<br>Low Birth Weight Rate 4.29 %",42.9
26,"San Luis Obispo County, CA",4.65,35.3102296,-120.4357631,"San Luis Obispo County, CA<br>Low Birth Weight Rate 4.65 %",46.5
27,"San Mateo County, CA",2.9,37.4337342,-122.4014193,"San Mateo County, CA<br>Low Birth Weight Rate 2.9 %",29.0
28,"Santa Barbara County, CA",4.91,34.4208321,-119.6982057,"Santa Barbara County, CA<br>Low Birth Weight Rate 4.91 %",49.1
29,"Santa Clara County, CA",3.47,37.3336581,-121.8907041,"Santa Clara County, CA<br>Low Birth Weight Rate 3.47 %",34.7
30,"Santa Cruz County, CA",3.93,37.0453988,-121.9579578,"Santa Cruz County, CA<br>Low Birth Weight Rate 3.93 %",39.300000000000004
31,"Solano County, CA",5.89,38.3104969,-121.9017954,"Solano County, CA<br>Low Birth Weight Rate 5.89 %",58.9
32,"Sonoma County, CA",2.82,38.5779555,-122.9888319,"Sonoma County, CA<br>Low Birth Weight Rate 2.82 %",28.2
33,"Stanislaus County, CA",5.34,37.5090711,-120.9876321,"Stanislaus County, CA<br>Low Birth Weight Rate 5.34 %",53.4
34,"Tulare County, CA",6.44,36.1341739,-118.8596804,"Tulare County, CA<br>Low Birth Weight Rate 6.44 %",64.4
35,"Ventura County, CA",2.81,34.3704884,-119.1390642,"Ventura County, CA<br>Low Birth Weight Rate 2.81 %",28.1
36,"Unidentified Counties, CA",4.54,36.778261,-119.4179324,"Unidentified Counties, CA<br>Low Birth Weight Rate 4.54 %",45.4
37,"Adams County, CO",5.7,39.8398269,-104.1930918,"Adams County, CO<br>Low Birth Weight Rate 5.7 %",57.0
38,"Arapahoe County, CO",5.44,39.62031,-104.332644,"Arapahoe County, CO<br>Low Birth Weight Rate 5.44 %",54.400000000000006
39,"Boulder County, CO",4.4,40.1512114,-105.5005483,"Boulder County, CO<br>Low Birth Weight Rate 4.4 %",44.0
40,"Denver County, CO",5.1,39.7392358,-104.990251,"Denver County, CO<br>Low Birth Weight Rate 5.1 %",51.0
41,"El Paso County, CO",5.58,38.9108325,-104.4723301,"El Paso County, CO<br>Low Birth Weight Rate 5.58 %",55.8
42,"Jefferson County, CO",4.26,39.5800298,-105.2662931,"Jefferson County, CO<br>Low Birth Weight Rate 4.26 %",42.599999999999994
43,"Weld County, CO",5.34,40.3920718,-104.7158226,"Weld County, CO<br>Low Birth Weight Rate 5.34 %",53.4
44,"Fairfield County, CT",3.68,41.2559654,-73.37086959999999,"Fairfield County, CT<br>Low Birth Weight Rate 3.68 %",36.800000000000004
45,"Hartford County, CT",6.14,41.7924343,-72.8042797,"Hartford County, CT<br>Low Birth Weight Rate 6.14 %",61.4
46,"New Haven County, CT",4.84,41.3266911,-72.8042797,"New Haven County, CT<br>Low Birth Weight Rate 4.84 %",48.4
47,"New London County, CT",5.67,41.5185189,-72.0468164,"New London County, CT<br>Low Birth Weight Rate 5.67 %",56.7
48,"Unidentified Counties, CT",3.82,41.6032207,-73.087749,"Unidentified Counties, CT<br>Low Birth Weight Rate 3.82 %",38.199999999999996
49,"New Castle County, DE",9.54,39.5392979,-75.667356,"New Castle County, DE<br>Low Birth Weight Rate 9.54 %",95.39999999999999
50,"District of Columbia, DC",7.2,38.9071923,-77.0368707,"District of Columbia, DC<br>Low Birth Weight Rate 7.2 %",72.0
51,"Brevard County, FL",5.88,28.263933,-80.7214417,"Brevard County, FL<br>Low Birth Weight Rate 5.88 %",58.8
52,"Broward County, FL",5.41,26.190096,-80.365865,"Broward County, FL<br>Low Birth Weight Rate 5.41 %",54.1
53,"Collier County, FL",4.52,26.069985,-81.42789839999999,"Collier County, FL<br>Low Birth Weight Rate 4.52 %",45.199999999999996
54,"Duval County, FL",8.2,30.3500511,-81.6035062,"Duval County, FL<br>Low Birth Weight Rate 8.2 %",82.0
55,"Escambia County, FL",8.57,30.6389408,-87.3413599,"Escambia County, FL<br>Low Birth Weight Rate 8.57 %",85.7
56,"Hillsborough County, FL",7.16,27.9903597,-82.3017728,"Hillsborough County, FL<br>Low Birth Weight Rate 7.16 %",71.6
57,"Lake County, FL",4.28,28.702847,-81.77870209999999,"Lake County, FL<br>Low Birth Weight Rate 4.28 %",42.800000000000004
58,"Lee County, FL",6.52,26.6630286,-81.9534815,"Lee County, FL<br>Low Birth Weight Rate 6.52 %",65.19999999999999
59,"Leon County, FL",5.35,30.4906177,-84.1857115,"Leon County, FL<br>Low Birth Weight Rate 5.35 %",53.5
60,"Manatee County, FL",6.39,27.4799195,-82.34518899999999,"Manatee County, FL<br>Low Birth Weight Rate 6.39 %",63.9
61,"Marion County, FL",10.66,29.2787765,-82.12783999999999,"Marion County, FL<br>Low Birth Weight Rate 10.66 %",106.6
62,"Miami-Dade County, FL",5.17,25.5516034,-80.6326916,"Miami-Dade County, FL<br>Low Birth Weight Rate 5.17 %",51.7
63,"Orange County, FL",7.21,28.4844995,-81.2518833,"Orange County, FL<br>Low Birth Weight Rate 7.21 %",72.1
64,"Osceola County, FL",6.01,28.1019838,-81.0754657,"Osceola County, FL<br>Low Birth Weight Rate 6.01 %",60.099999999999994
65,"Palm Beach County, FL",4.21,26.6514503,-80.2767327,"Palm Beach County, FL<br>Low Birth Weight Rate 4.21 %",42.1
66,"Pasco County, FL",7.44,28.3232418,-82.4319405,"Pasco County, FL<br>Low Birth Weight Rate 7.44 %",74.4
67,"Pinellas County, FL",6.13,27.876394,-82.7778579,"Pinellas County, FL<br>Low Birth Weight Rate 6.13 %",61.3
68,"Polk County, FL",7.05,27.8617347,-81.6911559,"Polk County, FL<br>Low Birth Weight Rate 7.05 %",70.5
69,"St. Lucie County, FL",6.0,27.3225563,-80.54384499999999,"St. Lucie County, FL<br>Low Birth Weight Rate 6.0 %",60.0
70,"Sarasota County, FL",4.44,27.1995986,-82.34518899999999,"Sarasota County, FL<br>Low Birth Weight Rate 4.44 %",44.400000000000006
71,"Seminole County, FL",4.42,28.7131688,-81.20781640000001,"Seminole County, FL<br>Low Birth Weight Rate 4.42 %",44.2
72,"Volusia County, FL",6.76,29.0279842,-81.0754657,"Volusia County, FL<br>Low Birth Weight Rate 6.76 %",67.6
73,"Unidentified Counties, FL",6.1,27.6648274,-81.5157535,"Unidentified Counties, FL<br>Low Birth Weight Rate 6.1 %",61.0
74,"Chatham County, GA",7.8,31.9994194,-81.1196075,"Chatham County, GA<br>Low Birth Weight Rate 7.8 %",78.0
75,"Clayton County, GA",11.03,33.5571944,-84.375233,"Clayton County, GA<br>Low Birth Weight Rate 11.03 %",110.3
76,"Cobb County, GA",6.16,33.8999297,-84.56414699999999,"Cobb County, GA<br>Low Birth Weight Rate 6.16 %",61.6
77,"DeKalb County, GA",6.24,33.7956441,-84.2278796,"DeKalb County, GA<br>Low Birth Weight Rate 6.24 %",62.400000000000006
78,"Fulton County, GA",6.4,33.8033965,-84.3962535,"Fulton County, GA<br>Low Birth Weight Rate 6.4 %",64.0
79,"Gwinnett County, GA",7.83,33.9190653,-84.01674229999999,"Gwinnett County, GA<br>Low Birth Weight Rate 7.83 %",78.3
80,"Unidentified Counties, GA",7.73,32.1656221,-82.9000751,"Unidentified Counties, GA<br>Low Birth Weight Rate 7.73 %",77.30000000000001
81,"Honolulu County, HI",5.78,21.3069857,-157.8584319,"Honolulu County, HI<br>Low Birth Weight Rate 5.78 %",57.800000000000004
82,"Ada County, ID",4.56,43.478767,-116.2420304,"Ada County, ID<br>Low Birth Weight Rate 4.56 %",45.599999999999994
83,"Cook County, IL",7.08,41.7376587,-87.697554,"Cook County, IL<br>Low Birth Weight Rate 7.08 %",70.8
84,"DuPage County, IL",3.79,41.8243831,-88.0900762,"DuPage County, IL<br>Low Birth Weight Rate 3.79 %",37.9
85,"Kane County, IL",5.96,41.987884,-88.4016041,"Kane County, IL<br>Low Birth Weight Rate 5.96 %",59.6
86,"Lake County, IL",3.39,42.3689363,-87.8271534,"Lake County, IL<br>Low Birth Weight Rate 3.39 %",33.9
87,"McHenry County, IL",3.88,42.3039993,-88.4016041,"McHenry County, IL<br>Low Birth Weight Rate 3.88 %",38.8
88,"Madison County, IL",7.87,38.9041402,-89.9253233,"Madison County, IL<br>Low Birth Weight Rate 7.87 %",78.7
89,"St. Clair County, IL",8.67,38.40081199999999,-89.9253233,"St. Clair County, IL<br>Low Birth Weight Rate 8.67 %",86.7
90,"Will County, IL",6.54,41.5054724,-88.0900762,"Will County, IL<br>Low Birth Weight Rate 6.54 %",65.4
91,"Winnebago County, IL",7.01,42.3121109,-89.1705998,"Winnebago County, IL<br>Low Birth Weight Rate 7.01 %",70.1
92,"Unidentified Counties, IL",6.35,41.8737407,-87.6799858,"Unidentified Counties, IL<br>Low Birth Weight Rate 6.35 %",63.5
93,"Allen County, IN",8.35,41.0932622,-85.02334599999999,"Allen County, IN<br>Low Birth Weight Rate 8.35 %",83.5
94,"Hamilton County, IN",5.0,40.0372797,-86.05296039999999,"Hamilton County, IN<br>Low Birth Weight Rate 5.0 %",50.0
95,"Lake County, IN",8.31,41.4897279,-87.30161319999999,"Lake County, IN<br>Low Birth Weight Rate 8.31 %",83.10000000000001
96,"Marion County, IN",8.47,39.83618999999999,-86.17517590000001,"Marion County, IN<br>Low Birth Weight Rate 8.47 %",84.7
97,"St. Joseph County, IN",7.27,41.6228085,-86.3376761,"St. Joseph County, IN<br>Low Birth Weight Rate 7.27 %",72.69999999999999
98,"Polk County, IA",8.24,41.6278423,-93.5003454,"Polk County, IA<br>Low Birth Weight Rate 8.24 %",82.4
99,"Unidentified Counties, IA",5.48,41.65751119999999,-95.3211486,"Unidentified Counties, IA<br>Low Birth Weight Rate 5.48 %",54.800000000000004
100,"Johnson County, KS",3.94,38.845412,-94.8520636,"Johnson County, KS<br>Low Birth Weight Rate 3.94 %",39.4
101,"Sedgwick County, KS",8.62,37.6537367,-97.5247243,"Sedgwick County, KS<br>Low Birth Weight Rate 8.62 %",86.19999999999999
102,"Unidentified Counties, KS",5.82,37.8217173,-96.29482399999999,"Unidentified Counties, KS<br>Low Birth Weight Rate 5.82 %",58.2
103,"Fayette County, KY",5.13,38.06064780000001,-84.4802606,"Fayette County, KY<br>Low Birth Weight Rate 5.13 %",51.3
104,"Jefferson County, KY",6.47,38.1938097,-85.64348700000001,"Jefferson County, KY<br>Low Birth Weight Rate 6.47 %",64.7
105,"Unidentified Counties, KY",7.02,37.8393332,-84.2700179,"Unidentified Counties, KY<br>Low Birth Weight Rate 7.02 %",70.19999999999999
106,"Caddo Parish, LA",11.3,32.6136798,-93.86553029999999,"Caddo Parish, LA<br>Low Birth Weight Rate 11.3 %",113.0
107,"East Baton Rouge Parish, LA",10.78,30.5693593,-91.09693999999999,"East Baton Rouge Parish, LA<br>Low Birth Weight Rate 10.78 %",107.8
108,"Jefferson Parish, LA",6.12,29.6498691,-90.11206960000001,"Jefferson Parish, LA<br>Low Birth Weight Rate 6.12 %",61.2
109,"Orleans Parish, LA",6.62,29.95106579999999,-90.0715323,"Orleans Parish, LA<br>Low Birth Weight Rate 6.62 %",66.2
110,"Unidentified Counties, LA",7.73,34.0522342,-118.2436849,"Unidentified Counties, LA<br>Low Birth Weight Rate 7.73 %",77.30000000000001
111,"Cumberland County, ME",6.71,43.81329789999999,-70.3870587,"Cumberland County, ME<br>Low Birth Weight Rate 6.71 %",67.1
112,"Anne Arundel County, MD",6.17,38.9530109,-76.5488232,"Anne Arundel County, MD<br>Low Birth Weight Rate 6.17 %",61.7
113,"Baltimore County, MD",5.59,39.4647665,-76.7336521,"Baltimore County, MD<br>Low Birth Weight Rate 5.59 %",55.9
114,"Howard County, MD",4.76,39.2873463,-76.964306,"Howard County, MD<br>Low Birth Weight Rate 4.76 %",47.599999999999994
115,"Montgomery County, MD",5.56,39.1547426,-77.2405153,"Montgomery County, MD<br>Low Birth Weight Rate 5.56 %",55.599999999999994
116,"Prince George's County, MD",7.81,38.78492110000001,-76.8720961,"Prince George's County, MD<br>Low Birth Weight Rate 7.81 %",78.1
117,"Baltimore city, MD",8.35,39.2903848,-76.6121893,"Baltimore city, MD<br>Low Birth Weight Rate 8.35 %",83.5
118,"Unidentified Counties, MD",6.48,39.0457549,-76.64127119999999,"Unidentified Counties, MD<br>Low Birth Weight Rate 6.48 %",64.80000000000001
119,"Bristol County, MA",3.54,41.7938406,-71.1448516,"Bristol County, MA<br>Low Birth Weight Rate 3.54 %",35.4
120,"Essex County, MA",3.94,42.7051144,-70.90712359999999,"Essex County, MA<br>Low Birth Weight Rate 3.94 %",39.4
121,"Hampden County, MA",5.04,42.1172314,-72.6624209,"Hampden County, MA<br>Low Birth Weight Rate 5.04 %",50.4
122,"Middlesex County, MA",3.26,42.467206,-71.2874209,"Middlesex County, MA<br>Low Birth Weight Rate 3.26 %",32.599999999999994
123,"Norfolk County, MA",2.72,42.17668,-71.1448516,"Norfolk County, MA<br>Low Birth Weight Rate 2.72 %",27.200000000000003
124,"Plymouth County, MA",3.89,41.9120406,-70.7168469,"Plymouth County, MA<br>Low Birth Weight Rate 3.89 %",38.9
125,"Suffolk County, MA",4.69,42.3522866,-71.0504229,"Suffolk County, MA<br>Low Birth Weight Rate 4.69 %",46.900000000000006
126,"Worcester County, MA",5.53,42.4096528,-71.8571331,"Worcester County, MA<br>Low Birth Weight Rate 5.53 %",55.300000000000004
127,"Unidentified Counties, MA",3.26,42.4072107,-71.3824374,"Unidentified Counties, MA<br>Low Birth Weight Rate 3.26 %",32.599999999999994
128,"Genesee County, MI",9.55,43.0777289,-83.67739279999999,"Genesee County, MI<br>Low Birth Weight Rate 9.55 %",95.5
129,"Ingham County, MI",6.74,42.6468943,-84.3542049,"Ingham County, MI<br>Low Birth Weight Rate 6.74 %",67.4
130,"Kent County, MI",6.13,43.0097027,-85.52002399999999,"Kent County, MI<br>Low Birth Weight Rate 6.13 %",61.3
131,"Macomb County, MI",5.31,42.7168759,-82.82097399999999,"Macomb County, MI<br>Low Birth Weight Rate 5.31 %",53.099999999999994
132,"Oakland County, MI",5.49,42.59219239999999,-83.33618799999999,"Oakland County, MI<br>Low Birth Weight Rate 5.49 %",54.900000000000006
133,"Ottawa County, MI",4.65,42.95302299999999,-86.0937312,"Ottawa County, MI<br>Low Birth Weight Rate 4.65 %",46.5
134,"Washtenaw County, MI",6.23,42.3076493,-83.8473015,"Washtenaw County, MI<br>Low Birth Weight Rate 6.23 %",62.300000000000004
135,"Wayne County, MI",8.51,42.2790746,-83.33618799999999,"Wayne County, MI<br>Low Birth Weight Rate 8.51 %",85.1
136,"Unidentified Counties, MI",5.91,44.3148443,-85.60236429999999,"Unidentified Counties, MI<br>Low Birth Weight Rate 5.91 %",59.1
137,"Anoka County, MN",4.74,45.3292832,-93.2197005,"Anoka County, MN<br>Low Birth Weight Rate 4.74 %",47.400000000000006
138,"Dakota County, MN",3.78,44.731554,-93.17796589999999,"Dakota County, MN<br>Low Birth Weight Rate 3.78 %",37.8
139,"Hennepin County, MN",5.4,45.0208911,-93.5094574,"Hennepin County, MN<br>Low Birth Weight Rate 5.4 %",54.0
140,"Ramsey County, MN",5.69,44.9963986,-93.0615978,"Ramsey County, MN<br>Low Birth Weight Rate 5.69 %",56.900000000000006
141,"Unidentified Counties, MN",5.14,44.9575642,-93.09268019999999,"Unidentified Counties, MN<br>Low Birth Weight Rate 5.14 %",51.4
142,"Unidentified Counties, MS",8.67,32.3546679,-89.3985283,"Unidentified Counties, MS<br>Low Birth Weight Rate 8.67 %",86.7
143,"Greene County, MO",6.71,37.3311215,-93.5003454,"Greene County, MO<br>Low Birth Weight Rate 6.71 %",67.1
144,"Jackson County, MO",6.7,38.9914998,-94.315422,"Jackson County, MO<br>Low Birth Weight Rate 6.7 %",67.0
145,"St. Charles County, MO",4.01,38.7338885,-90.8294002,"St. Charles County, MO<br>Low Birth Weight Rate 4.01 %",40.099999999999994
146,"St. Louis County, MO",6.24,38.6103023,-90.4125181,"St. Louis County, MO<br>Low Birth Weight Rate 6.24 %",62.400000000000006
147,"St. Louis city, MO",8.11,38.6270025,-90.19940419999999,"St. Louis city, MO<br>Low Birth Weight Rate 8.11 %",81.1
148,"Unidentified Counties, MO",6.77,39.08782009999999,-94.57207799999999,"Unidentified Counties, MO<br>Low Birth Weight Rate 6.77 %",67.69999999999999
149,"Unidentified Counties, MT",5.78,46.8796822,-110.3625658,"Unidentified Counties, MT<br>Low Birth Weight Rate 5.78 %",57.800000000000004
150,"Douglas County, NE",7.02,41.3148116,-96.19513200000002,"Douglas County, NE<br>Low Birth Weight Rate 7.02 %",70.19999999999999
151,"Lancaster County, NE",4.73,40.8471492,-96.663812,"Lancaster County, NE<br>Low Birth Weight Rate 4.73 %",47.300000000000004
152,"Unidentified Counties, NE",5.75,41.4925374,-99.9018131,"Unidentified Counties, NE<br>Low Birth Weight Rate 5.75 %",57.5
153,"Clark County, NV",5.81,36.0795613,-115.094045,"Clark County, NV<br>Low Birth Weight Rate 5.81 %",58.099999999999994
154,"Washoe County, NV",6.5,40.5608387,-119.6035495,"Washoe County, NV<br>Low Birth Weight Rate 6.5 %",65.0
155,"Unidentified Counties, NV",4.3,36.1644847,-115.1649145,"Unidentified Counties, NV<br>Low Birth Weight Rate 4.3 %",43.0
156,"Hillsborough County, NH",3.07,42.83347939999999,-71.6673352,"Hillsborough County, NH<br>Low Birth Weight Rate 3.07 %",30.7
157,"Unidentified Counties, NH",4.47,43.1938516,-71.5723953,"Unidentified Counties, NH<br>Low Birth Weight Rate 4.47 %",44.699999999999996
158,"Atlantic County, NJ",5.99,39.5333379,-74.6868815,"Atlantic County, NJ<br>Low Birth Weight Rate 5.99 %",59.900000000000006
159,"Bergen County, NJ",2.01,40.9262762,-74.07701,"Bergen County, NJ<br>Low Birth Weight Rate 2.01 %",20.099999999999998
160,"Burlington County, NJ",4.75,39.8558488,-74.6868815,"Burlington County, NJ<br>Low Birth Weight Rate 4.75 %",47.5
161,"Camden County, NJ",6.91,39.8592439,-75.0143824,"Camden County, NJ<br>Low Birth Weight Rate 6.91 %",69.1
162,"Essex County, NJ",5.27,40.7947466,-74.2648829,"Essex County, NJ<br>Low Birth Weight Rate 5.27 %",52.699999999999996
163,"Gloucester County, NJ",5.64,39.7103023,-75.1078332,"Gloucester County, NJ<br>Low Birth Weight Rate 5.64 %",56.4
164,"Hudson County, NJ",2.6,40.7453199,-74.05351259999999,"Hudson County, NJ<br>Low Birth Weight Rate 2.6 %",26.0
165,"Mercer County, NJ",5.61,40.3028533,-74.7337069,"Mercer County, NJ<br>Low Birth Weight Rate 5.61 %",56.1
166,"Middlesex County, NJ",3.43,40.4111363,-74.35874729999999,"Middlesex County, NJ<br>Low Birth Weight Rate 3.43 %",34.300000000000004
167,"Monmouth County, NJ",3.52,40.2589455,-74.12399599999999,"Monmouth County, NJ<br>Low Birth Weight Rate 3.52 %",35.2
168,"Morris County, NJ",3.02,40.8336038,-74.54632819999999,"Morris County, NJ<br>Low Birth Weight Rate 3.02 %",30.2
169,"Ocean County, NJ",3.5,39.9652553,-74.3118212,"Ocean County, NJ<br>Low Birth Weight Rate 3.5 %",35.0
170,"Passaic County, NJ",2.92,41.1231647,-74.35874729999999,"Passaic County, NJ<br>Low Birth Weight Rate 2.92 %",29.2
171,"Somerset County, NJ",4.31,40.5292099,-74.64004320000001,"Somerset County, NJ<br>Low Birth Weight Rate 4.31 %",43.099999999999994
172,"Union County, NJ",3.4,40.6595001,-74.2883536,"Union County, NJ<br>Low Birth Weight Rate 3.4 %",34.0
173,"Unidentified Counties, NJ",5.45,40.0583238,-74.4056612,"Unidentified Counties, NJ<br>Low Birth Weight Rate 5.45 %",54.5
174,"Bernalillo County, NM",7.0,35.0177854,-106.6291304,"Bernalillo County, NM<br>Low Birth Weight Rate 7.0 %",70.0
175,"Unidentified Counties, NM",5.78,34.5199402,-105.8700901,"Unidentified Counties, NM<br>Low Birth Weight Rate 5.78 %",57.800000000000004
176,"Albany County, NY",4.6,42.57567969999999,-73.93598209999999,"Albany County, NY<br>Low Birth Weight Rate 4.6 %",46.0
177,"Bronx County, NY",4.44,40.8447819,-73.8648268,"Bronx County, NY<br>Low Birth Weight Rate 4.44 %",44.400000000000006
178,"Dutchess County, NY",5.16,41.7784372,-73.7477857,"Dutchess County, NY<br>Low Birth Weight Rate 5.16 %",51.6
179,"Erie County, NY",6.86,42.9023958,-78.8661589,"Erie County, NY<br>Low Birth Weight Rate 6.86 %",68.60000000000001
180,"Kings County, NY",3.82,40.6781784,-73.9441579,"Kings County, NY<br>Low Birth Weight Rate 3.82 %",38.199999999999996
181,"Monroe County, NY",7.25,43.2841246,-77.7452081,"Monroe County, NY<br>Low Birth Weight Rate 7.25 %",72.5
182,"Nassau County, NY",3.0,40.6546145,-73.55941279999999,"Nassau County, NY<br>Low Birth Weight Rate 3.0 %",30.0
183,"New York County, NY",3.07,40.7127753,-74.0059728,"New York County, NY<br>Low Birth Weight Rate 3.07 %",30.7
184,"Onondaga County, NY",7.82,43.026819,-76.17837390000001,"Onondaga County, NY<br>Low Birth Weight Rate 7.82 %",78.2
185,"Orange County, NY",4.81,41.3911653,-74.3118212,"Orange County, NY<br>Low Birth Weight Rate 4.81 %",48.099999999999994
186,"Queens County, NY",3.85,40.7282239,-73.7948516,"Queens County, NY<br>Low Birth Weight Rate 3.85 %",38.5
187,"Richmond County, NY",3.29,40.5795317,-74.1502007,"Richmond County, NY<br>Low Birth Weight Rate 3.29 %",32.9
188,"Rockland County, NY",3.68,41.1489458,-73.98300290000002,"Rockland County, NY<br>Low Birth Weight Rate 3.68 %",36.800000000000004
189,"Suffolk County, NY",4.43,40.9848784,-72.61511689999999,"Suffolk County, NY<br>Low Birth Weight Rate 4.43 %",44.3
190,"Westchester County, NY",3.4,41.1220194,-73.7948516,"Westchester County, NY<br>Low Birth Weight Rate 3.4 %",34.0
191,"Unidentified Counties, NY",5.81,43.2994285,-74.21793260000001,"Unidentified Counties, NY<br>Low Birth Weight Rate 5.81 %",58.099999999999994
192,"Cumberland County, NC",9.92,34.9542604,-78.74762079999999,"Cumberland County, NC<br>Low Birth Weight Rate 9.92 %",99.2
193,"Durham County, NC",5.98,36.0221805,-78.9031279,"Durham County, NC<br>Low Birth Weight Rate 5.98 %",59.800000000000004
194,"Forsyth County, NC",9.56,36.1200003,-80.1875065,"Forsyth County, NC<br>Low Birth Weight Rate 9.56 %",95.60000000000001
195,"Guilford County, NC",7.99,36.0899873,-79.8296743,"Guilford County, NC<br>Low Birth Weight Rate 7.99 %",79.9
196,"Mecklenburg County, NC",6.72,35.2632655,-80.8543847,"Mecklenburg County, NC<br>Low Birth Weight Rate 6.72 %",67.2
197,"Wake County, NC",5.61,35.8031909,-78.5660852,"Wake County, NC<br>Low Birth Weight Rate 5.61 %",56.1
198,"Unidentified Counties, NC",7.3,35.7595731,-79.01929969999999,"Unidentified Counties, NC<br>Low Birth Weight Rate 7.3 %",73.0
199,"Unidentified Counties, ND",6.41,47.5514926,-101.0020119,"Unidentified Counties, ND<br>Low Birth Weight Rate 6.41 %",64.1
200,"Butler County, OH",5.84,39.440463,-84.5222189,"Butler County, OH<br>Low Birth Weight Rate 5.84 %",58.4
201,"Cuyahoga County, OH",8.4,41.433923,-81.67582,"Cuyahoga County, OH<br>Low Birth Weight Rate 8.4 %",84.0
202,"Franklin County, OH",8.61,40.0154745,-82.99316069999999,"Franklin County, OH<br>Low Birth Weight Rate 8.61 %",86.1
203,"Hamilton County, OH",9.52,39.2355447,-84.56414699999999,"Hamilton County, OH<br>Low Birth Weight Rate 9.52 %",95.19999999999999
204,"Lorain County, OH",5.16,41.4116881,-82.12783999999999,"Lorain County, OH<br>Low Birth Weight Rate 5.16 %",51.6
205,"Lucas County, OH",6.58,41.6894388,-83.3789389,"Lucas County, OH<br>Low Birth Weight Rate 6.58 %",65.8
206,"Montgomery County, OH",6.64,39.7620028,-84.3542049,"Montgomery County, OH<br>Low Birth Weight Rate 6.64 %",66.39999999999999
207,"Stark County, OH",9.21,40.8684676,-81.2518833,"Stark County, OH<br>Low Birth Weight Rate 9.21 %",92.10000000000001
208,"Summit County, OH",7.67,41.0918991,-81.5596427,"Summit County, OH<br>Low Birth Weight Rate 7.67 %",76.7
209,"Unidentified Counties, OH",6.71,40.4172871,-82.90712300000001,"Unidentified Counties, OH<br>Low Birth Weight Rate 6.71 %",67.1
210,"Cleveland County, OK",3.98,35.254964,-97.35165579999999,"Cleveland County, OK<br>Low Birth Weight Rate 3.98 %",39.8
211,"Oklahoma County, OK",8.12,35.6038323,-97.35165579999999,"Oklahoma County, OK<br>Low Birth Weight Rate 8.12 %",81.19999999999999
212,"Tulsa County, OK",8.92,36.1593471,-95.94097099999999,"Tulsa County, OK<br>Low Birth Weight Rate 8.92 %",89.2
213,"Unidentified Counties, OK",7.07,35.0077519,-97.092877,"Unidentified Counties, OK<br>Low Birth Weight Rate 7.07 %",70.7
214,"Clackamas County, OR",3.57,45.2023855,-122.1188945,"Clackamas County, OR<br>Low Birth Weight Rate 3.57 %",35.699999999999996
215,"Lane County, OR",3.94,43.9610092,-122.6618227,"Lane County, OR<br>Low Birth Weight Rate 3.94 %",39.4
216,"Marion County, OR",4.63,44.8446393,-122.5927411,"Marion County, OR<br>Low Birth Weight Rate 4.63 %",46.3
217,"Multnomah County, OR",4.96,45.5145659,-122.5863211,"Multnomah County, OR<br>Low Birth Weight Rate 4.96 %",49.6
218,"Washington County, OR",3.44,45.5469616,-123.1386021,"Washington County, OR<br>Low Birth Weight Rate 3.44 %",34.4
219,"Allegheny County, PA",5.85,40.4450813,-80.0087746,"Allegheny County, PA<br>Low Birth Weight Rate 5.85 %",58.5
220,"Berks County, PA",6.48,40.3451566,-75.9927652,"Berks County, PA<br>Low Birth Weight Rate 6.48 %",64.80000000000001
221,"Bucks County, PA",2.85,40.4107964,-75.2479061,"Bucks County, PA<br>Low Birth Weight Rate 2.85 %",28.5
222,"Chester County, PA",5.07,40.0010204,-75.8069082,"Chester County, PA<br>Low Birth Weight Rate 5.07 %",50.7
223,"Dauphin County, PA",7.56,40.2734277,-76.7336521,"Dauphin County, PA<br>Low Birth Weight Rate 7.56 %",75.6
224,"Delaware County, PA",6.84,39.907793,-75.3878525,"Delaware County, PA<br>Low Birth Weight Rate 6.84 %",68.4
225,"Erie County, PA",6.85,42.0521954,-80.1875065,"Erie County, PA<br>Low Birth Weight Rate 6.85 %",68.5
226,"Lancaster County, PA",5.86,40.0466571,-76.17837390000001,"Lancaster County, PA<br>Low Birth Weight Rate 5.86 %",58.6
227,"Lehigh County, PA",6.58,40.6519679,-75.5742467,"Lehigh County, PA<br>Low Birth Weight Rate 6.58 %",65.8
228,"Luzerne County, PA",6.58,41.1404353,-75.9927652,"Luzerne County, PA<br>Low Birth Weight Rate 6.58 %",65.8
229,"Montgomery County, PA",4.83,40.2290075,-75.3878525,"Montgomery County, PA<br>Low Birth Weight Rate 4.83 %",48.3
230,"Northampton County, PA",3.89,40.7749283,-75.294569,"Northampton County, PA<br>Low Birth Weight Rate 3.89 %",38.9
231,"Philadelphia County, PA",8.32,39.9525839,-75.1652215,"Philadelphia County, PA<br>Low Birth Weight Rate 8.32 %",83.2
232,"Westmoreland County, PA",6.81,40.2353963,-79.4703885,"Westmoreland County, PA<br>Low Birth Weight Rate 6.81 %",68.1
233,"York County, PA",6.63,39.9512496,-76.7336521,"York County, PA<br>Low Birth Weight Rate 6.63 %",66.3
234,"Unidentified Counties, PA",5.71,41.2033216,-77.1945247,"Unidentified Counties, PA<br>Low Birth Weight Rate 5.71 %",57.1
235,"Providence County, RI",6.6,41.8881582,-71.4774291,"Providence County, RI<br>Low Birth Weight Rate 6.6 %",66.0
236,"Unidentified Counties, RI",3.41,31.8152611,-96.2313973,"Unidentified Counties, RI<br>Low Birth Weight Rate 3.41 %",34.1
237,"Charleston County, SC",5.18,32.7956561,-79.7848422,"Charleston County, SC<br>Low Birth Weight Rate 5.18 %",51.8
238,"Greenville County, SC",5.24,34.9297484,-82.34518899999999,"Greenville County, SC<br>Low Birth Weight Rate 5.24 %",52.400000000000006
239,"Horry County, SC",8.98,33.9196567,-78.9288242,"Horry County, SC<br>Low Birth Weight Rate 8.98 %",89.80000000000001
240,"Lexington County, SC",7.05,33.9309651,-81.2518833,"Lexington County, SC<br>Low Birth Weight Rate 7.05 %",70.5
241,"Richland County, SC",7.9,34.0412165,-80.9428911,"Richland County, SC<br>Low Birth Weight Rate 7.9 %",79.0
242,"Spartanburg County, SC",4.88,34.860551,-81.9534815,"Spartanburg County, SC<br>Low Birth Weight Rate 4.88 %",48.8
243,"Unidentified Counties, SC",7.58,33.86425699999999,-79.052762,"Unidentified Counties, SC<br>Low Birth Weight Rate 7.58 %",75.8
244,"Unidentified Counties, SD",4.89,43.9695148,-99.9018131,"Unidentified Counties, SD<br>Low Birth Weight Rate 4.89 %",48.9
245,"Davidson County, TN",7.28,36.1342563,-86.8220341,"Davidson County, TN<br>Low Birth Weight Rate 7.28 %",72.8
246,"Hamilton County, TN",7.92,35.1618966,-85.14793639999999,"Hamilton County, TN<br>Low Birth Weight Rate 7.92 %",79.2
247,"Knox County, TN",5.69,35.9874629,-83.9419784,"Knox County, TN<br>Low Birth Weight Rate 5.69 %",56.900000000000006
248,"Rutherford County, TN",7.02,35.7724263,-86.3376761,"Rutherford County, TN<br>Low Birth Weight Rate 7.02 %",70.19999999999999
249,"Shelby County, TN",9.22,35.1268552,-89.9253233,"Shelby County, TN<br>Low Birth Weight Rate 9.22 %",92.2
250,"Unidentified Counties, TN",6.95,35.5174913,-86.5804473,"Unidentified Counties, TN<br>Low Birth Weight Rate 6.95 %",69.5
251,"Bell County, TX",6.68,31.134411,-97.5247243,"Bell County, TX<br>Low Birth Weight Rate 6.68 %",66.8
252,"Bexar County, TX",6.36,29.4200763,-98.5721016,"Bexar County, TX<br>Low Birth Weight Rate 6.36 %",63.6
253,"Brazoria County, TX",4.58,29.2131857,-95.4777811,"Brazoria County, TX<br>Low Birth Weight Rate 4.58 %",45.8
254,"Cameron County, TX",5.37,26.1284971,-97.5247243,"Cameron County, TX<br>Low Birth Weight Rate 5.37 %",53.7
255,"Collin County, TX",4.33,33.1795213,-96.49297969999999,"Collin County, TX<br>Low Birth Weight Rate 4.33 %",43.3
256,"Dallas County, TX",5.75,32.8024682,-96.83509989999999,"Dallas County, TX<br>Low Birth Weight Rate 5.75 %",57.5
257,"Denton County, TX",4.71,33.1418611,-97.179026,"Denton County, TX<br>Low Birth Weight Rate 4.71 %",47.1
258,"El Paso County, TX",4.13,31.8039824,-106.2051484,"El Paso County, TX<br>Low Birth Weight Rate 4.13 %",41.3
259,"Fort Bend County, TX",5.11,29.5692614,-95.81428849999999,"Fort Bend County, TX<br>Low Birth Weight Rate 5.11 %",51.1
260,"Galveston County, TX",5.76,29.37634989999999,-94.8520636,"Galveston County, TX<br>Low Birth Weight Rate 5.76 %",57.599999999999994
261,"Harris County, TX",5.98,29.7751825,-95.3102505,"Harris County, TX<br>Low Birth Weight Rate 5.98 %",59.800000000000004
262,"Hidalgo County, TX",4.74,26.4656319,-98.2212979,"Hidalgo County, TX<br>Low Birth Weight Rate 4.74 %",47.400000000000006
263,"Jefferson County, TX",10.06,29.8165398,-94.15137639999999,"Jefferson County, TX<br>Low Birth Weight Rate 10.06 %",100.60000000000001
264,"Lubbock County, TX",6.32,33.6753624,-101.7979613,"Lubbock County, TX<br>Low Birth Weight Rate 6.32 %",63.2
265,"Montgomery County, TX",6.4,30.3213482,-95.4777811,"Montgomery County, TX<br>Low Birth Weight Rate 6.4 %",64.0
266,"Nueces County, TX",5.91,27.7693351,-97.4814163,"Nueces County, TX<br>Low Birth Weight Rate 5.91 %",59.1
267,"Tarrant County, TX",6.23,32.7732044,-97.35165579999999,"Tarrant County, TX<br>Low Birth Weight Rate 6.23 %",62.300000000000004
268,"Travis County, TX",3.75,30.2097015,-97.69822719999999,"Travis County, TX<br>Low Birth Weight Rate 3.75 %",37.5
269,"Webb County, TX",4.05,27.8174487,-99.0128926,"Webb County, TX<br>Low Birth Weight Rate 4.05 %",40.5
270,"Williamson County, TX",5.97,30.7591685,-97.69822719999999,"Williamson County, TX<br>Low Birth Weight Rate 5.97 %",59.699999999999996
271,"Unidentified Counties, TX",6.03,29.6975146,-95.39697919999999,"Unidentified Counties, TX<br>Low Birth Weight Rate 6.03 %",60.300000000000004
272,"Davis County, UT",3.69,40.9628845,-112.0953297,"Davis County, UT<br>Low Birth Weight Rate 3.69 %",36.9
273,"Salt Lake County, UT",5.56,40.644188,-111.9522491,"Salt Lake County, UT<br>Low Birth Weight Rate 5.56 %",55.599999999999994
274,"Utah County, UT",6.68,40.0966287,-111.5706786,"Utah County, UT<br>Low Birth Weight Rate 6.68 %",66.8
275,"Unidentified Counties, UT",4.87,40.23311870000001,-111.6570583,"Unidentified Counties, UT<br>Low Birth Weight Rate 4.87 %",48.7
276,"Unidentified Counties, VT",3.47,44.5588028,-72.57784149999999,"Unidentified Counties, VT<br>Low Birth Weight Rate 3.47 %",34.7
277,"Chesterfield County, VA",6.44,37.3673217,-77.6077865,"Chesterfield County, VA<br>Low Birth Weight Rate 6.44 %",64.4
278,"Fairfax County, VA",3.99,38.9085472,-77.2405153,"Fairfax County, VA<br>Low Birth Weight Rate 3.99 %",39.900000000000006
279,"Henrico County, VA",7.17,37.5059332,-77.3324425,"Henrico County, VA<br>Low Birth Weight Rate 7.17 %",71.7
280,"Loudoun County, VA",3.94,39.076767,-77.6536125,"Loudoun County, VA<br>Low Birth Weight Rate 3.94 %",39.4
281,"Prince William County, VA",3.65,38.7838939,-77.6077865,"Prince William County, VA<br>Low Birth Weight Rate 3.65 %",36.5
282,"Virginia Beach city, VA",5.4,36.8529263,-75.97798499999999,"Virginia Beach city, VA<br>Low Birth Weight Rate 5.4 %",54.0
283,"Unidentified Counties, VA",6.59,38.8816208,-77.09098089999999,"Unidentified Counties, VA<br>Low Birth Weight Rate 6.59 %",65.9
284,"Clark County, WA",4.59,45.7466471,-122.5194378,"Clark County, WA<br>Low Birth Weight Rate 4.59 %",45.9
285,"King County, WA",3.8,47.5480339,-121.9836029,"King County, WA<br>Low Birth Weight Rate 3.8 %",38.0
286,"Pierce County, WA",4.08,47.0675877,-122.1295269,"Pierce County, WA<br>Low Birth Weight Rate 4.08 %",40.8
287,"Snohomish County, WA",4.98,48.0329979,-121.8339472,"Snohomish County, WA<br>Low Birth Weight Rate 4.98 %",49.800000000000004
288,"Spokane County, WA",3.58,47.65869300000001,-117.4225481,"Spokane County, WA<br>Low Birth Weight Rate 3.58 %",35.8
289,"Thurston County, WA",4.68,46.8645747,-122.7695986,"Thurston County, WA<br>Low Birth Weight Rate 4.68 %",46.8
290,"Unidentified Counties, WA",4.93,47.7119739,-117.4067286,"Unidentified Counties, WA<br>Low Birth Weight Rate 4.93 %",49.3
291,"Unidentified Counties, WV",7.23,38.5976262,-80.4549026,"Unidentified Counties, WV<br>Low Birth Weight Rate 7.23 %",72.30000000000001
292,"Dane County, WI",6.61,43.0186073,-89.5497632,"Dane County, WI<br>Low Birth Weight Rate 6.61 %",66.10000000000001
293,"Milwaukee County, WI",7.69,43.03879490000001,-87.9065334,"Milwaukee County, WI<br>Low Birth Weight Rate 7.69 %",76.9
294,"Waukesha County, WI",2.99,43.0072599,-88.32393090000001,"Waukesha County, WI<br>Low Birth Weight Rate 2.99 %",29.900000000000002
295,"Unidentified Counties, WI",6.13,42.6251506,-89.0179332,"Unidentified Counties, WI<br>Low Birth Weight Rate 6.13 %",61.3
296,"Unidentified Counties, WY",5.01,43.0759678,-107.2902839,"Unidentified Counties, WY<br>Low Birth Weight Rate 5.01 %",50.099999999999994
